name,group,product,lat,lon,geocode_query,display_name
Pinehurst,"BUILT, single-family",Single-family,42.4652948,-83.6309561,Pinehurst Lyon Township Michigan,"Pinehurst Acres, Lyon Charter Township, Oakland County, Michigan, United States"
Greystone Village,"BUILT, single-family",Single-family,42.4404187,-83.6282662,Greystone Village Lyon Township Michigan,"Greystone Village, Lyon Charter Township, Oakland County, Michigan, United States"
Tanglewood Greenbrier,"BUILT, single-family",Single-family,42.4561822,-83.5841177,"Tanglewood, Lyon Township, Oakland County, Michigan","Tanglewood, Lyon Charter Township, Oakland County, Michigan, United States"
Berkshire Pointe,"BUILT, single-family",Single-family,42.4920678,-83.5383055,"Berkshire Pointe, Novi, Michigan","Berkshire Pointe, Novi, Oakland County, Michigan, United States"
Pine Vista,"BUILT, single-family",Single-family,42.7452272,-83.3528604,"Pine Vista, Independence Township, Michigan","Pine Vista, Independence Charter Township, Oakland County, Michigan, United States"
Emerson Park,"BUILT, attached or condo",Townhomes,42.4712935,-83.4776376,Emerson Park Novi Oakland County Michigan,"Emerson Park, Novi, Oakland County, Michigan, United States"
West Trail Preserve,"BUILT, attached or condo",Detached condos,42.5640769,-83.4257589,West Trail Preserve West Bloomfield Oakland County Michigan,"West Trail Preserve, West Bloomfield Township, Oakland County, Michigan, United States"
Villas at Stonebrook,"BUILT, attached or condo",Ranch duplexes,42.4860359,-83.5289285,Villas at Stonebrook Novi Oakland County Michigan,"The Villas at Stonebrook, Novi, Oakland County, Michigan, United States"
Sumerlyn,"BUILT, attached or condo",Ranch condos,42.6887503,-83.2374461,"Summerlyn, Auburn Hills, Michigan","Summerlyn, Auburn Hills, Oakland County, Michigan, United States"
Woodlands of Lyon,STILL SELLING,Homes,42.4493168,-83.6215834,Woodlands of Lyon Michigan Oakland County,"Woodlands of Lyon, Lyon Charter Township, Oakland County, Michigan, United States"
Townes at Lakeview,STILL SELLING,Townhomes,42.5242811,-83.6211628,Townes at Lakeview Milford Oakland County Michigan,"Townes at Lakeview, Milford Charter Township, Oakland County, Michigan, United States"
Lakeview Estates,STILL SELLING,Homes,42.5242418,-83.617558,Lakeview Estates Milford Township Oakland County Michigan,"Lakeview Estates, Milford Charter Township, Oakland County, Michigan, United States"
Kensington Ridge,STILL SELLING,Del Webb,42.5292904,-83.62183,Kensington Ridge Milford Oakland County Michigan,"Kensington Ridge, Milford Charter Township, Oakland County, Michigan, United States"
The Villas at Forest Glen,STILL SELLING,Villas,42.7387655,-83.2504024,Forest Glen Orion Township Oakland County Michigan,"The Villas at Forest Glen, Orion Charter Township, Oakland County, Michigan, United States"
Timberside Reserve,STILL SELLING,Homes,42.5312033,-83.5274493,Timberside Reserve Wixom Oakland County Michigan,"Timberside Reserve, Wixom, Oakland County, Michigan, United States"
Townes at Merrill Park,STILL SELLING,Townhomes,42.5651615,-83.4466598,Merrill Park Commerce Township Oakland County Michigan,"Merrill Park, Commerce Charter Township, Oakland County, Michigan, United States"
Ravines at Stonegate,"BUILT, single-family",Single-family,42.709971224087,-83.218555587575,"4975 Middlebury Drive, Lake Orion, MI 48359","4975 MIDDLEBURY DR, LAKE ORION, MI, 48359 (US Census geocoder)"
Keatington Cedars,"BUILT, single-family",Single-family,42.749853673561,-83.300909369245,"2407 Canoe Circle Drive, Lake Orion, MI 48360","2407 CANOE CIRCLE DR, LAKE ORION, MI, 48360 (US Census geocoder)"
